{
  "name": "Fire_Effect",
  "type": "mask",
  "version": "1.0",
  "assets": [
    "Fire_Effect.deepar",
    "Fire_Texture.png",
	"textures/sequence/fire_LUT1.png",
"textures/sequence/frame000000.png",
"textures/sequence/frame000001.png",
"textures/sequence/frame000002.png",
"textures/sequence/frame000003.png",
"textures/sequence/frame000004.png",
"textures/sequence/frame000005.png",
"textures/sequence/frame000006.png",
"textures/sequence/frame000007.png",
"textures/sequence/frame000008.png",
"textures/sequence/frame000009.png",
"textures/sequence/frame000010.png",
"textures/sequence/frame000011.png",
"textures/sequence/frame000012.png",
"textures/sequence/frame000013.png",
"textures/sequence/frame000014.png",
"textures/sequence/frame000015.png",
"textures/sequence/frame000016.png",
"textures/sequence/frame000017.png",
"textures/sequence/frame000018.png",
"textures/sequence/frame000019.png",
"textures/sequence/frame000020.png",
"textures/sequence/frame000021.png",
"textures/sequence/frame000022.png",
"textures/sequence/frame000023.png",
"textures/sequence/frame000024.png",
"textures/sequence/frame000025.png",
"textures/sequence/frame000026.png",
"textures/sequence/frame000027.png",
"textures/sequence/frame000028.png",
"textures/sequence/frame000029.png",
"textures/sequence/frame000030.png",
"textures/sequence/frame000031.png",
"textures/sequence/frame000032.png",
"textures/sequence/frame000033.png",
"textures/sequence/frame000034.png",
"textures/sequence/frame000035.png",
"textures/sequence/frame000036.png",
"textures/sequence/frame000037.png",
"textures/sequence/frame000038.png",
"textures/sequence/frame000039.png",
"textures/sequence/frame000040.png",
"textures/sequence/frame000041.png",
"textures/sequence/frame000042.png",
"textures/sequence/frame000043.png",
"textures/sequence/frame000044.png",
"textures/sequence/frame000045.png",
"textures/sequence/frame000046.png",
"textures/sequence/frame000047.png",
"textures/sequence/frame000048.png",
"textures/sequence/frame000049.png",
"textures/sequence/frame000050.png",
"textures/sequence/frame000051.png",
"textures/sequence/frame000052.png"
  ],
  "parameters": {
    "scale": 1.0,
    "offsetX": 0,
    "offsetY": 0
  }
}
